feature,F,p_value
醋龄月,inf,0.0
总游离氨基酸,1.6814217032419725,0.2473640950236457
还原糖,1.38140858665881,0.31681481713064275
OAV_乙酸乙酯,0.7078265102503523,0.5738645286533985
不挥发酸,0.34732032989725814,0.7922814361611116
总酸,0.1851530416626246,0.9035455186483342
