feature,importance
OAV_乙酸乙酯,0.23288846650889852
醋龄月,0.18759552659478348
总游离氨基酸,0.1642961924819288
不挥发酸,0.1634203100240748
总酸,0.13259524514996796
还原糖,0.1192042592403465
